{
	"format_version": "1.8.0",
	"animations": {
		"constantresoundingslashes": {
			"animation_length": 4.5833,
			"bones": {
				"body": {
					"rotation": {
						"0.0": {
							"vector": [0, 0, 0]
						},
						"0.1667": {
							"vector": [5, 0, 0]
						},
						"0.2083": {
							"vector": [5.07673, 9.96156, 0.88045]
						},
						"0.3333": {
							"vector": [5, 0, 0]
						},
						"0.4583": {
							"vector": [0, 0, 0]
						},
						"0.5833": {
							"vector": [5, 0, 0]
						},
						"0.7083": {
							"vector": [0, 0, 0]
						},
						"0.8333": {
							"vector": [5, 0, 0]
						},
						"0.9583": {
							"vector": [0, 0, 0]
						},
						"1.0833": {
							"vector": [5, 0, 0]
						},
						"1.2083": {
							"vector": [0, 0, 0]
						},
						"1.3333": {
							"vector": [5, 0, 0]
						},
						"1.4583": {
							"vector": [0, 0, 0]
						},
						"1.5833": {
							"vector": [5, 0, 0]
						},
						"1.7083": {
							"vector": [0, 0, 0]
						},
						"1.8333": {
							"vector": [5, 0, 0]
						},
						"1.9583": {
							"vector": [0, 0, 0]
						},
						"2.0833": {
							"vector": [5, 0, 0]
						},
						"2.2083": {
							"vector": [0, 0, 0]
						},
						"2.3333": {
							"vector": [5, 0, 0]
						},
						"2.4583": {
							"vector": [0, 0, 0]
						},
						"2.5833": {
							"vector": [5, 0, 0]
						},
						"2.7083": {
							"vector": [0, 0, 0]
						},
						"2.8333": {
							"vector": [5, 0, 0]
						},
						"2.9583": {
							"vector": [0, 0, 0]
						},
						"3.0833": {
							"vector": [5, 0, 0]
						},
						"3.2083": {
							"vector": [0, 0, 0]
						},
						"3.3333": {
							"vector": [5, 0, 0]
						},
						"3.4583": {
							"vector": [0, 0, 0]
						},
						"3.5833": {
							"vector": [5, 0, 0]
						},
						"3.7083": {
							"vector": [0, 0, 0]
						},
						"3.8333": {
							"vector": [5, 0, 0]
						},
						"3.9583": {
							"vector": [0, 0, 0]
						},
						"4.3333": {
							"vector": [0, 0, 0]
						}
					},
					"position": {
						"0.0": {
							"vector": [0, 0, 0]
						},
						"0.1667": {
							"vector": [0, 0, 0]
						},
						"0.2083": {
							"vector": [0, 0, 0]
						},
						"0.3333": {
							"vector": [0, 1, 0]
						},
						"0.4583": {
							"vector": [0, 1, 1]
						},
						"0.5833": {
							"vector": [0, 1, 0]
						},
						"0.7083": {
							"vector": [0, 1, 1]
						},
						"0.8333": {
							"vector": [0, 1, 0]
						},
						"0.9583": {
							"vector": [0, 1, 1]
						},
						"1.0833": {
							"vector": [0, 1, 0]
						},
						"1.2083": {
							"vector": [0, 1, 1]
						},
						"1.3333": {
							"vector": [0, 1, 0]
						},
						"1.4583": {
							"vector": [0, 1, 1]
						},
						"1.5833": {
							"vector": [0, 1, 0]
						},
						"1.7083": {
							"vector": [0, 1, 1]
						},
						"1.8333": {
							"vector": [0, 1, 0]
						},
						"1.9583": {
							"vector": [0, 1, 1]
						},
						"2.0833": {
							"vector": [0, 1, 0]
						},
						"2.2083": {
							"vector": [0, 1, 1]
						},
						"2.3333": {
							"vector": [0, 1, 0]
						},
						"2.4583": {
							"vector": [0, 1, 1]
						},
						"2.5833": {
							"vector": [0, 1, 0]
						},
						"2.7083": {
							"vector": [0, 1, 1]
						},
						"2.8333": {
							"vector": [0, 1, 0]
						},
						"2.9583": {
							"vector": [0, 1, 1]
						},
						"3.0833": {
							"vector": [0, 1, 0]
						},
						"3.2083": {
							"vector": [0, 1, 1]
						},
						"3.3333": {
							"vector": [0, 1, 0]
						},
						"3.4583": {
							"vector": [0, 1, 1]
						},
						"3.5833": {
							"vector": [0, 1, 0]
						},
						"3.7083": {
							"vector": [0, 1, 1]
						},
						"3.8333": {
							"vector": [0, 1, 0]
						},
						"3.9583": {
							"vector": [0, 0, 0]
						},
						"4.3333": {
							"vector": [0, 0, 0]
						}
					}
				},
				"torso": {
					"rotation": {
						"0.0": {
							"vector": [0, 0, 0]
						},
						"0.1667": {
							"vector": [17.5, 27.5, 0]
						},
						"0.2083": {
							"vector": [17.5, 27.5, 0]
						},
						"0.3333": {
							"vector": [17.5, 0, 0]
						},
						"0.5": {
							"vector": [18.07779, 14.2906, 4.60659]
						},
						"0.6667": {
							"vector": [18.07779, -14.2906, -4.60659]
						},
						"0.8333": {
							"vector": [18.07779, 14.2906, 4.60659]
						},
						"1.0": {
							"vector": [18.07779, -14.2906, -4.60659]
						},
						"1.1667": {
							"vector": [18.07779, 14.2906, 4.60659]
						},
						"1.3333": {
							"vector": [18.07779, -14.2906, -4.60659]
						},
						"1.5": {
							"vector": [18.07779, 14.2906, 4.60659]
						},
						"1.6667": {
							"vector": [18.07779, -14.2906, -4.60659]
						},
						"1.8333": {
							"vector": [18.07779, 14.2906, 4.60659]
						},
						"2.0": {
							"vector": [18.07779, -14.2906, -4.60659]
						},
						"2.1667": {
							"vector": [18.07779, 14.2906, 4.60659]
						},
						"2.3333": {
							"vector": [18.07779, -14.2906, -4.60659]
						},
						"2.5": {
							"vector": [18.07779, 14.2906, 4.60659]
						},
						"2.6667": {
							"vector": [18.07779, -14.2906, -4.60659]
						},
						"2.8333": {
							"vector": [18.07779, 14.2906, 4.60659]
						},
						"3.0": {
							"vector": [18.07779, -14.2906, -4.60659]
						},
						"3.1667": {
							"vector": [18.07779, 14.2906, 4.60659]
						},
						"3.3333": {
							"vector": [18.07779, -14.2906, -4.60659]
						},
						"3.5": {
							"vector": [18.07779, 14.2906, 4.60659]
						},
						"3.6667": {
							"vector": [18.07779, -14.2906, -4.60659]
						},
						"3.875": {
							"vector": [17.5, 0, 0]
						},
						"4.1667": {
							"vector": [0, 0, 0]
						}
					},
					"position": {
						"0.0": {
							"vector": [0, 0, 0]
						},
						"0.1667": {
							"vector": [-1, -2, -3]
						},
						"0.2083": {
							"vector": [-1, -2, -3]
						},
						"0.3333": {
							"vector": [0, -3, -5]
						},
						"3.875": {
							"vector": [0, -3, -5]
						},
						"4.1667": {
							"vector": [0, 0, 0]
						}
					}
				},
				"head": {
					"rotation": {
						"0.0": {
							"vector": [0, 0, 0]
						},
						"0.1667": {
							"vector": [13.62301, 3.2425, -3.98414]
						},
						"0.2083": {
							"vector": [11.54901, -11.65511, 5.45274]
						},
						"0.3333": {
							"vector": [12.5, 0, 0]
						},
						"0.5": {
							"vector": [-7.5, 0, 0]
						},
						"0.6667": {
							"vector": [12.5, 0, 0]
						},
						"0.8333": {
							"vector": [-7.5, 0, 0]
						},
						"1.0": {
							"vector": [12.5, 0, 0]
						},
						"1.1667": {
							"vector": [-7.5, 0, 0]
						},
						"1.3333": {
							"vector": [12.5, 0, 0]
						},
						"1.5": {
							"vector": [-7.5, 0, 0]
						},
						"1.6667": {
							"vector": [12.5, 0, 0]
						},
						"1.8333": {
							"vector": [-7.5, 0, 0]
						},
						"2.0": {
							"vector": [12.5, 0, 0]
						},
						"2.1667": {
							"vector": [-7.5, 0, 0]
						},
						"2.3333": {
							"vector": [12.5, 0, 0]
						},
						"2.5": {
							"vector": [-7.5, 0, 0]
						},
						"2.6667": {
							"vector": [12.5, 0, 0]
						},
						"2.8333": {
							"vector": [-7.5, 0, 0]
						},
						"3.0": {
							"vector": [12.5, 0, 0]
						},
						"3.1667": {
							"vector": [-7.5, 0, 0]
						},
						"3.3333": {
							"vector": [12.5, 0, 0]
						},
						"3.5": {
							"vector": [-7.5, 0, 0]
						},
						"3.7083": {
							"vector": [12.5, 0, 0]
						},
						"3.875": {
							"vector": [12.5, 0, 0]
						},
						"4.1667": {
							"vector": [0, 0, 0]
						}
					},
					"position": {
						"0.0": {
							"vector": [0, 0, 0]
						},
						"0.1667": {
							"vector": [-1.25, -3, -4]
						},
						"0.2083": {
							"vector": [-1.25, -3, -4]
						},
						"0.3333": {
							"vector": [0, -4, -5]
						},
						"0.5": {
							"vector": [0, -4, -5]
						},
						"0.6667": {
							"vector": [0, -4, -5]
						},