{
	"format_version": "1.8.0",
	"animations": {
		"flamingthundergod": {
			"loop": "hold_on_last_frame",
			"animation_length": 0.3333,
			"bones": {
				"body": {
					"rotation": {
						"0.0": {
							"vector": [2.5, 0, 0]
						},
						"0.2083": {
							"vector": [32.5, 0, 0]
						},
						"0.3333": {
							"vector": [32.5, 0, 0]
						}
					},
					"position": {
						"0.0": {
							"vector": [0, 0, 3]
						},
						"0.2083": {
							"vector": [0, -2, 0]
						},
						"0.3333": {
							"vector": [0, -2, 0]
						}
					}
				},
				"torso": {
					"rotation": {
						"0.0": {
							"vector": [57.5, 0, 0]
						},
						"0.2083": {
							"vector": [25, 0, 0]
						},
						"0.3333": {
							"vector": [25, 0, 0]
						}
					},
					"position": {
						"0.0": {
							"vector": [0, -9, -8]
						},
						"0.2083": {
							"vector": [0, -1, -4]
						},
						"0.3333": {
							"vector": [0, -1, -4]
						}
					}
				},
				"head": {
					"rotation": {
						"0.0": {
							"vector": [97.5, 0, 0]
						},
						"0.2083": {
							"vector": [102.5, 0, 0]
						},
						"0.3333": {
							"vector": [102.5, 0, 0]
						}
					},
					"position": {
						"0.0": {
							"vector": [0, -10, -8]
						},
						"0.2083": {
							"vector": [0, -1, -4]
						},
						"0.3333": {
							"vector": [0, -1, -4]
						}
					}
				},
				"right_arm": {
					"rotation": {
						"0.0": {
							"vector": [-187.60828, 4.20385, 116.88807]
						},
						"0.2083": {
							"vector": [27.93034, 22.10269, 80.8053]
						},
						"0.3333": {
							"vector": [27.93034, 22.10269, 80.8053]
						}
					},
					"position": {
						"0.0": {
							"vector": [1, -13, -7]
						},
						"0.2083": {
							"vector": [0, -2, -5]
						},
						"0.3333": {
							"vector": [0, -2, -5]
						}
					}
				},
				"left_arm": {
					"rotation": {
						"0.0": {
							"vector": [5.98992, -2.76095, -0.21436]
						},
						"0.2083": {
							"vector": [-5.05973, -3.50164, -3.23215]
						},
						"0.3333": {
							"vector": [-5.05973, -3.50164, -3.23215]
						}
					},
					"position": {
						"0.0": {
							"vector": [-1, -6, -5]
						},
						"0.2083": {
							"vector": [-1, 1, -2]
						},
						"0.3333": {
							"vector": [-1, 1, -2]
						}
					}
				},
				"right_leg": {
					"rotation": {
						"0.0": {
							"vector": [15, 0, 0]
						},
						"0.2083": {
							"vector": [7.5, 0, 0]
						},
						"0.3333": {
							"vector": [7.5, 0, 0]
						}
					},
					"position": {
						"0.0": {
							"vector": [-0.275, -0.5, -3]
						},
						"0.2083": {
							"vector": [0, 4, -4]
						},
						"0.3333": {
							"vector": [0, 4, -4]
						}
					}
				},
				"left_leg": {
					"rotation": {
						"0.0": {
							"vector": [62.5, 0, 0]
						},
						"0.2083": {
							"vector": [61.5, 0, 0]
						},
						"0.3333": {
							"vector": [61.5, 0, 0]
						}
					},
					"position": {
						"0.0": {
							"vector": [0, -5.5, -1.75]
						},
						"0.2083": {
							"vector": [0, 1, 1]
						},
						"0.3333": {
							"vector": [0, 1, 1]
						}
					}
				}
			}
		}
	}
}