{
	"format_version": "1.8.0",
	"animations": {
		"roar": {
			"animation_length": 0.7917,
			"bones": {
				"body": {
					"rotation": {
						"0.0": {
							"vector": [0, 0, 0]
						},
						"0.2083": {
							"vector": [-12.5, 0, 0]
						},
						"0.2917": {
							"vector": [-15.5, 0, 0]
						},
						"0.4167": {
							"vector": [45, 0, 0]
						},
						"0.4583": {
							"vector": [52.5, 0, 0]
						},
						"0.5417": {
							"vector": [45, 0, 0]
						},
						"0.5833": {
							"vector": [45, 0, 0]
						},
						"0.75": {
							"vector": [0, 0, 0]
						}
					},
					"position": {
						"0.0": {
							"vector": [0, 0, 0]
						},
						"0.2083": {
							"vector": [0, -1, 1]
						},
						"0.2917": {
							"vector": [0, -1, 2]
						},
						"0.4167": {
							"vector": [0, -1, -2]
						},
						"0.4583": {
							"vector": [0, -1, -4]
						},
						"0.5417": {
							"vector": [0, -1, -2]
						},
						"0.5833": {
							"vector": [0, -1, -2]
						},
						"0.75": {
							"vector": [0, 0, 0]
						}
					}
				},
				"torso": {
					"rotation": {
						"0.0": {
							"vector": [0, 0, 0]
						},
						"0.2083": {
							"vector": [-7.09795, 5.0352, 1.94569]
						},
						"0.2917": {
							"vector": [-7.09795, 5.0352, 1.94569]
						},
						"0.4167": {
							"vector": [12.5, 0, 0]
						},
						"0.5417": {
							"vector": [12.5, 0, 0]
						},
						"0.5833": {
							"vector": [12.5, 0, 0]
						},
						"0.75": {
							"vector": [0, 0, 0]
						}
					},
					"position": {
						"0.0": {
							"vector": [0, 0, 0]
						},
						"0.4167": {
							"vector": [0, 0, -3]
						},
						"0.5417": {
							"vector": [0, 0, -3]
						},
						"0.5833": {
							"vector": [0, 0, -3]
						},
						"0.75": {
							"vector": [0, 0, 0]
						}
					}
				},
				"head": {
					"rotation": {
						"0.0": {
							"vector": [0, 0, 0]
						},
						"0.2083": {
							"vector": [-15.12353, 7.24305, -1.95155]
						},
						"0.2917": {
							"vector": [-15.12353, 7.24305, -1.95155]
						},
						"0.4167": {
							"vector": [42.5, 0, 0]
						},
						"0.5417": {
							"vector": [42.5, 0, 0]
						},
						"0.5833": {
							"vector": [42.5, 0, 0]
						},
						"0.75": {
							"vector": [0, 0, 0]
						}
					},
					"position": {
						"0.0": {
							"vector": [0, 0, 0]
						},
						"0.2083": {
							"vector": [0, -0.5, -2]
						},
						"0.2917": {
							"vector": [0, -0.5, -2]
						},
						"0.4167": {
							"vector": [0, -0.5, -3]
						},
						"0.5417": {
							"vector": [0, -0.5, -3]
						},
						"0.5833": {
							"vector": [0, -0.5, -3]
						},
						"0.75": {
							"vector": [0, 0, 0]
						}
					}
				},
				"right_arm": {
					"rotation": {
						"0.0": {
							"vector": [0, 0, 0]
						},
						"0.2083": {
							"vector": [-208.022, 8.33353, -6.00639]
						},
						"0.2917": {
							"vector": [-213.022, 8.33353, -6.00639]
						},
						"0.4167": {
							"vector": [-40.58961, -6.4609, 7.74616]
						},
						"0.5417": {
							"vector": [-40.58961, -6.4609, 7.74616]
						},
						"0.5833": {
							"vector": [-40.58961, -6.4609, 7.74616]
						},
						"0.75": {
							"vector": [0, 0, 0]
						}
					},
					"position": {
						"0.0": {
							"vector": [0, 0, 0]
						},
						"0.2083": {
							"vector": [1, 1, 1]
						},
						"0.2917": {
							"vector": [1, 1, 1]
						},
						"0.4167": {
							"vector": [1, 0, -4]
						},
						"0.4583": {
							"vector": [1, -1, -5]
						},
						"0.5417": {
							"vector": [1, 0, -4]
						},
						"0.5833": {
							"vector": [1, 0, -4]
						},
						"0.75": {
							"vector": [0, 0, 0]
						}
					}
				},
				"left_arm": {
					"rotation": {
						"0.0": {
							"vector": [0, 0, 0]
						},
						"0.2083": {
							"vector": [-208.022, -8.33353, 6.00639]
						},
						"0.2917": {
							"vector": [-213.022, -8.33353, 6.00639]
						},
						"0.4167": {
							"vector": [-40.58961, 6.4609, -7.74616]
						},
						"0.5417": {
							"vector": [-40.58961, 6.4609, -7.74616]
						},
						"0.5833": {
							"vector": [-40.58961, 6.4609, -7.74616]
						},
						"0.75": {
							"vector": [0, 0, 0]
						}
					},
					"position": {
						"0.0": {
							"vector": [0, 0, 0]
						},
						"0.2083": {
							"vector": [-1, 1, 1]
						},
						"0.2917": {
							"vector": [-1, 1, 1]
						},
						"0.4167": {
							"vector": [-1, 0, -4]
						},
						"0.4583": {
							"vector": [-1, -1, -5]
						},
						"0.5417": {
							"vector": [-1, 0, -4]
						},
						"0.5833": {
							"vector": [-1, 0, -4]
						},
						"0.75": {
							"vector": [0, 0, 0]
						}
					}
				},
				"right_leg": {
					"rotation": {
						"0.0": {
							"vector": [0, 0, 0]
						},
						"0.2083": {
							"vector": [34.91413, 18.17192, 13.44405]
						},
						"0.2917": {
							"vector": [34.91413, 18.17192, 13.44405]
						},
						"0.4167": {
							"vector": [-12.5, 0, 0]
						},
						"0.5417": {
							"vector": [-12.5, 0, 0]
						},
						"0.5833": {
							"vector": [-12.5, 0, 0]
						},
						"0.75": {
							"vector": [0, 0, 0]
						}
					},
					"position": {
						"0.0": {
							"vector": [0, 0, 0]
						},
						"0.4167": {
							"vector": [0, 1, -2]
						},
						"0.5417": {
							"vector": [0, 2, -3]
						},
						"0.5833": {
							"vector": [0, 2, -3]
						},
						"0.75": {
							"vector": [0, 0, 0]
						}
					}
				},
				"left_leg": {
					"rotation": {
						"0.0": {
							"vector": [0, 0, 0]
						},
						"0.2083": {
							"vector": [20, 0, 0]
						},
						"0.2917": {
							"vector": [20, 0, 0]
						},
						"0.4167": {
							"vector": [-55, 0, 0]
						},
						"0.5417": {
							"vector": [-35, 0, 0]
						},
						"0.5833": {
							"vector": [-35, 0, 0]
						},
						"0.75": {
							"vector": [0, 0, 0]
						}
					},
					"position": {
						"0.0": {
							"vector": [0, 0, 0]
						},
						"0.2083": {
							"vector": [0, 2, -4]
						},
						"0.2917": {
							"vector": [0, 2, -5]
						},
						"0.4167": {
							"vector": [0, 0.5, 0.5]
						},
						"0.5417": {
							"vector": [0, 0.5, 0.5]
						},
						"0.5833": {
							"vector": [0, 0.5, 0.5]
						},
						"0.75": {
							"vector": [0, 0, 0]
						}
					}
				}
			}
		}
	}
}